-- MariaDB dump 10.19  Distrib 10.4.24-MariaDB, for Win64 (AMD64)
--
-- Host: localhost    Database: lang
-- ------------------------------------------------------
-- Server version	10.4.24-MariaDB

/*!40101 SET @OLD_CHARACTER_SET_CLIENT=@@CHARACTER_SET_CLIENT */;
/*!40101 SET @OLD_CHARACTER_SET_RESULTS=@@CHARACTER_SET_RESULTS */;
/*!40101 SET @OLD_COLLATION_CONNECTION=@@COLLATION_CONNECTION */;
/*!40101 SET NAMES utf8mb4 */;
/*!40103 SET @OLD_TIME_ZONE=@@TIME_ZONE */;
/*!40103 SET TIME_ZONE='+00:00' */;
/*!40014 SET @OLD_UNIQUE_CHECKS=@@UNIQUE_CHECKS, UNIQUE_CHECKS=0 */;
/*!40014 SET @OLD_FOREIGN_KEY_CHECKS=@@FOREIGN_KEY_CHECKS, FOREIGN_KEY_CHECKS=0 */;
/*!40101 SET @OLD_SQL_MODE=@@SQL_MODE, SQL_MODE='NO_AUTO_VALUE_ON_ZERO' */;
/*!40111 SET @OLD_SQL_NOTES=@@SQL_NOTES, SQL_NOTES=0 */;

--
-- Table structure for table `jezyki`
--

DROP TABLE IF EXISTS `jezyki`;
/*!40101 SET @saved_cs_client     = @@character_set_client */;
/*!40101 SET character_set_client = utf8 */;
CREATE TABLE `jezyki` (
  `id` int(11) NOT NULL AUTO_INCREMENT,
  `jezyk` text NOT NULL,
  PRIMARY KEY (`id`)
) ENGINE=InnoDB AUTO_INCREMENT=5 DEFAULT CHARSET=utf8mb4;
/*!40101 SET character_set_client = @saved_cs_client */;

--
-- Dumping data for table `jezyki`
--

LOCK TABLES `jezyki` WRITE;
/*!40000 ALTER TABLE `jezyki` DISABLE KEYS */;
INSERT INTO `jezyki` VALUES (1,'hiszpański'),(2,'niemiecki'),(3,'angielski'),(4,'koreański');
/*!40000 ALTER TABLE `jezyki` ENABLE KEYS */;
UNLOCK TABLES;

--
-- Table structure for table `kategorie`
--

DROP TABLE IF EXISTS `kategorie`;
/*!40101 SET @saved_cs_client     = @@character_set_client */;
/*!40101 SET character_set_client = utf8 */;
CREATE TABLE `kategorie` (
  `id` int(11) NOT NULL AUTO_INCREMENT,
  `nazwa` text NOT NULL,
  PRIMARY KEY (`id`)
) ENGINE=InnoDB AUTO_INCREMENT=17 DEFAULT CHARSET=utf8mb4;
/*!40101 SET character_set_client = @saved_cs_client */;

--
-- Dumping data for table `kategorie`
--

LOCK TABLES `kategorie` WRITE;
/*!40000 ALTER TABLE `kategorie` DISABLE KEYS */;
INSERT INTO `kategorie` VALUES (1,'pory roku i miesiące'),(2,'kolory'),(3,'zwierzęta'),(4,'jedzenie'),(5,'ubrania'),(6,'rodzina'),(7,'części ciała'),(8,'miejsca'),(9,'przymiotniki'),(10,'zawody'),(11,'szkoła'),(12,'wyrażenia'),(13,'zdrowie'),(14,'pogoda'),(15,'liczby'),(16,'czasowniki');
/*!40000 ALTER TABLE `kategorie` ENABLE KEYS */;
UNLOCK TABLES;

--
-- Table structure for table `slowka`
--

DROP TABLE IF EXISTS `slowka`;
/*!40101 SET @saved_cs_client     = @@character_set_client */;
/*!40101 SET character_set_client = utf8 */;
CREATE TABLE `slowka` (
  `id` int(11) NOT NULL AUTO_INCREMENT,
  `slowko` text CHARACTER SET utf8 COLLATE utf8_unicode_ci NOT NULL,
  `tlumaczenie` text NOT NULL,
  `jezyk` int(11) NOT NULL,
  `zestaw` int(11) NOT NULL,
  `kategoria` int(11) NOT NULL,
  PRIMARY KEY (`id`),
  KEY `jezyk` (`jezyk`),
  KEY `zestaw` (`zestaw`),
  KEY `kategoria` (`kategoria`),
  CONSTRAINT `slowka_ibfk_1` FOREIGN KEY (`jezyk`) REFERENCES `jezyki` (`id`),
  CONSTRAINT `slowka_ibfk_2` FOREIGN KEY (`zestaw`) REFERENCES `zestawy` (`id`),
  CONSTRAINT `slowka_ibfk_3` FOREIGN KEY (`kategoria`) REFERENCES `kategorie` (`id`)
) ENGINE=InnoDB AUTO_INCREMENT=982 DEFAULT CHARSET=utf8mb4;
/*!40101 SET character_set_client = @saved_cs_client */;

--
-- Dumping data for table `slowka`
--

LOCK TABLES `slowka` WRITE;
/*!40000 ALTER TABLE `slowka` DISABLE KEYS */;
INSERT INTO `slowka` VALUES (1,'la primavera','wiosna',1,1,1),(2,'el verano','lato',1,1,1),(3,'el otoño','jesień',1,1,1),(4,'el invierno','zima',1,1,1),(5,'enero','styczeń',1,1,1),(6,'febrero','luty',1,1,1),(7,'marzo','marzec',1,1,1),(8,'abril','kwiecień',1,1,1),(9,'mayo','maj',1,1,1),(10,'junio','czerwiec',1,1,1),(11,'julio','lipiec',1,1,1),(12,'agosto','sierpień',1,1,1),(13,'septiembre','wrzesień',1,1,1),(14,'octubre','październik',1,1,1),(15,'noviembre','listopad',1,1,1),(16,'diciembre','grudzień',1,1,1),(17,'en primavera','na wiosnę/wiosną',1,1,1),(18,'en verano','w lecie/latem',1,1,1),(19,'en otoño','na jesień/jesienią',1,1,1),(20,'en invierno','w zimie/zimą',1,1,1),(21,'rojo','czerwony',1,1,2),(22,'azul','niebieski',1,1,2),(23,'verde','zielony',1,1,2),(24,'amarillo','żółty',1,1,2),(25,'rosa, rosado','różowy',1,1,2),(26,'violeta, morado','fioletowy',1,1,2),(27,'blanco','biały',1,1,2),(28,'negro','czarny',1,1,2),(29,'gris','szary',1,1,2),(30,'naranja','pomarańczowy',1,1,2),(31,'dorado','złoty',1,1,2),(32,'plateado','srebrny',1,1,2),(33,'marrón','brązowy',1,1,2),(34,'claro','jasny',1,1,2),(35,'oscuro','ciemny',1,1,2),(36,'el gato','kot',1,1,3),(37,'el perro','pies',1,1,3),(38,'la rata','szczur',1,1,3),(39,'el ratón','mysz',1,1,3),(40,'el toro','byk',1,1,3),(41,'la vaca','krowa',1,1,3),(42,'la cabra','koza',1,1,3),(43,'el caballo','koń',1,1,3),(44,'el zorro','lis',1,1,3),(45,'la araña','pająk',1,1,3),(46,'la avispa','osa',1,1,3),(47,'la abeja','pszczoła',1,1,3),(48,'la cucaracha','karaluch',1,1,3),(49,'la mariposa','motyl',1,1,3),(50,'el conejo','królik',1,1,3),(51,'el atún','tuńczyk',1,1,3),(52,'la sardina','sardynka',1,1,3),(53,'el tigre','tygrys',1,1,3),(54,'la jirafa','żyrafa',1,1,3),(55,'el gallo','kogut',1,1,3),(56,'el pollo','kurczak',1,1,3),(57,'el oso','niedźwiedź',1,1,3),(58,'la rana','żaba',1,1,3),(59,'la serpiente','wąż',1,1,3),(60,'el león','lew',1,1,3),(61,'el mono','małpa',1,1,3),(62,'el erizo','jeż',1,1,3),(63,'la mosca','mucha',1,1,3),(64,'la oca','gęś',1,1,3),(65,'la oveja','owca',1,1,3),(66,'el cerdo','świnia',1,1,3),(67,'el búho','sowa',1,1,3),(68,'el burro','osioł',1,1,3),(69,'el canguro','kangur',1,1,3),(70,'el pato','kaczka',1,1,3),(71,'el cocodrilo','krokodyl',1,1,3),(72,'el pájaro','ptak',1,1,3),(73,'el pez','ryba',1,1,3),(74,'el elefante','słoń',1,1,3),(75,'la hormiga','mrówka',1,1,3),(76,'la tortuga','żółw',1,1,3),(77,'la mariquita','biedronka',1,1,3),(78,'el arroz','ryż',1,1,4),(79,'la tostada','grzanka, tost',1,1,4),(80,'el bollo','słodka bułka, drożdżówka',1,1,4),(81,'el bocadillo','kanapka',1,1,4),(82,'el pescado','ryba (jako danie)',1,1,4),(83,'la pasta','makaron',1,1,4),(84,'el chocolate','czekolada',1,1,4),(85,'el caramelo','cukierek',1,1,4),(86,'los dulces','słodycze',1,1,4),(87,'la sopa de verduras','zupa jarzynowa',1,1,4),(88,'el aceite','olej',1,1,4),(89,'la pimienta','pieprz',1,1,4),(90,'el azúcar','cukier',1,1,4),(91,'la sal','sól',1,1,4),(92,'las bebidas','napoje',1,1,4),(93,'la cena','kolacja',1,1,4),(94,'la comida','obiad',1,1,4),(95,'el desayuno','śniadanie',1,1,4),(96,'el almuerzo','posiłek',1,1,4),(97,'el postre','deser',1,1,4),(98,'el jamón','szynka, wędlina',1,1,4),(99,'los cereales','płatki śniadaniowe',1,1,4),(100,'el pastel','ciastko, ciasto',1,1,4),(101,'el panecillo','bułka',1,1,4),(102,'la salsa','sos',1,1,4),(103,'la mantequilla','masło',1,1,4),(104,'la carne','mięso',1,1,4),(105,'el huevo','jajko',1,1,4),(106,'el requesón','ser biały',1,1,4),(107,'el queso','ser żółty',1,1,4),(108,'el zumo de naranja','sok pomarańczowy',1,1,4),(109,'el zumo','sok',1,1,4),(110,'el aqua','woda',1,1,4),(111,'la leche','mleko',1,1,4),(112,'el café','kawa',1,1,4),(113,'el té','herbata',1,1,4),(114,'el pan','chleb',1,1,4),(115,'el ajo','czosnek',1,1,4),(116,'el maíz','kukurydza',1,1,4),(117,'el pimiento','papryka',1,1,4),(118,'la lechuga','sałata',1,1,4),(119,'el melocotón','brzoskwinia',1,1,4),(120,'la cebolla','cebula',1,1,4),(121,'el pepino','ogórek',1,1,4),(122,'el rábano','rzodkiewka',1,1,4),(123,'la calabaza','dynia',1,1,4),(124,'la remolacha','burak',1,1,4),(125,'el perejil','pietruszka',1,1,4),(126,'la coliflor','kalafior',1,1,4),(127,'la patata','ziemniak',1,1,4),(128,'el tomate','pomidor',1,1,4),(129,'la col','kapusta',1,1,4),(130,'la verdura','warzywo',1,1,4),(131,'las verduras','warzywa',1,1,4),(132,'el limón','cytryna',1,1,4),(133,'la frambuesa','malina',1,1,4),(134,'la baya','jagoda',1,1,4),(135,'la grosella','porzeczka',1,1,4),(136,'la sandía','arbuz',1,1,4),(137,'el melón','melon',1,1,4),(138,'el plátano','banan',1,1,4),(139,'las uvas','winogrona',1,1,4),(140,'el coco','kokos',1,1,4),(141,'la seta','grzyb',1,1,4),(142,'la zanahoria','marchewka',1,1,4),(143,'la piña','ananas',1,1,4),(144,'la fresa','truskawka',1,1,4),(145,'la pera','gruszka',1,1,4),(146,'la ciruela','śliwka',1,1,4),(147,'la cereza','czereśnia',1,1,4),(148,'la guinda','wiśnia',1,1,4),(149,'la manzana','jabłko',1,1,4),(150,'la fruta','owoce',1,1,4),(151,'la familia','rodzina',1,1,6),(152,'la familia nuclear','rodzina jednopokoleniowa',1,1,6),(153,'la familia política','rodzina małżonka, powinowaci',1,1,6),(154,'la mujer, la esposa','żona',1,1,6),(155,'el marido, el esposo','mąż',1,1,6),(156,'los padres','rodzice',1,1,6),(157,'el padre','ojciec',1,1,6),(158,'la madre','matka',1,1,6),(159,'el papá','tata',1,1,6),(160,'la mamá','mama',1,1,6),(161,'el hijo','syn',1,1,6),(162,'la hija','córka',1,1,6),(163,'los hijos','dzieci',1,1,6),(164,'el hermano','brat',1,1,6),(165,'la hermana','siostra',1,1,6),(166,'los hermanos','rodzeństwo, bracia',1,1,6),(167,'el nieto','wnuk',1,1,6),(168,'la nieta','wnuczka',1,1,6),(169,'los nietos','wnuki',1,1,6),(170,'los abuelos','dziadkowie',1,1,6),(171,'el primo','kuzyn',1,1,6),(172,'la prima','kuzynka',1,1,6),(173,'el tío','wujek',1,1,6),(174,'la tía','ciocia',1,1,6),(175,'los tios','wujostwo',1,1,6),(176,'la suegra','teściowa',1,1,6),(177,'el suegro','teść',1,1,6),(178,'los suegros','teściowie',1,1,6),(179,'el sobrino','siostrzeniec, bratanek',1,1,6),(180,'la sobrina','siostrzenica, bratanica',1,1,6),(181,'el cuñado','szwagier',1,1,6),(182,'la cuñada','szwagierka',1,1,6),(183,'la ropa','ubrania',1,2,5),(184,'la camiseta','koszulka, T-shirt',1,2,5),(185,'la camisa','koszula',1,2,5),(186,'la blusa','bluzka',1,2,5),(187,'la sudadera','bluza z kapturem',1,2,5),(188,'el jersey','sweter',1,2,5),(189,'los pantalones','spodnie',1,2,5),(190,'los pantalones cortos','krótkie spodenki',1,2,5),(191,'los vaqueros','jeansy',1,2,5),(192,'la falda','spódnica',1,2,5),(193,'el vesido','sukienka',1,2,5),(194,'el traje','garnitur',1,2,5),(195,'la chaqueta','kurtka',1,2,5),(196,'el abrigo','płaszcz',1,2,5),(197,'el impermeable','płaszcz przeciwdeszczowy',1,2,5),(198,'los calcetines','skarpetki',1,2,5),(199,'los guantes','rękawiczki',1,2,5),(200,'el calzado','obuwie',1,2,5),(201,'los zapatos','buty',1,2,5),(202,'las botas','kozaki',1,2,5),(203,'las sandalias','sandały',1,2,5),(204,'las zapatillas de deporte','buty sportowe',1,2,5),(205,'las chanclas','klapki',1,2,5),(206,'los complementos','dodatki',1,2,5),(207,'el gorro','czapka zimowa',1,2,5),(208,'la gorra','czapka z daszkiem',1,2,5),(209,'la corbata','krawat',1,2,5),(210,'la bufanda','szalik',1,2,5),(211,'el paraguas','parasol',1,2,5),(212,'el bolso','torebka',1,2,5),(213,'la mochila','plecak',1,2,5),(214,'la maleta','walizka',1,2,5),(215,'las gafas de sol','okulary przeciwsłoneczne',1,2,5),(216,'el cinturón','pasek do spodni',1,2,5),(217,'el chaleco','kamizelka',1,2,5),(218,'el pijama','piżama',1,2,5),(219,'el bañador','strój kąpielowy',1,2,5),(220,'las bragas','majtki damskie',1,2,5),(221,'los calzoncillos','majtki męskie',1,2,5),(222,'las medias','pończochy',1,2,5),(223,'el hombre','człowiek, mężczyzna',1,2,7),(224,'el abdomen, la barriga','brzuch',1,2,7),(225,'el pie','stopa',1,2,7),(226,'el corazón','serce',1,2,7),(227,'el brazo','ramię, ręka',1,2,7),(228,'la cabeza','głowa',1,2,7),(229,'la cadera','biodro',1,2,7),(230,'la cara','twarz',1,2,7),(231,'el codo','łokieć',1,2,7),(232,'la costilla','żebro',1,2,7),(233,'el ojo','oko',1,2,7),(234,'la nariz','nos',1,2,7),(235,'la oreja','ucho',1,2,7),(236,'el cuello','szyja',1,2,7),(237,'la boca','usta',1,2,7),(238,'la pierna','noga',1,2,7),(239,'la muela, el diente','ząb',1,2,7),(240,'el pecho','klatka piersiowa',1,2,7),(241,'la mano','dłoń',1,2,7),(242,'la rodilla','kolano',1,2,7),(243,'la espalda','plecy',1,2,7),(244,'la garganta','gardło',1,2,7),(245,'el hueso','kość',1,2,7),(246,'la piel','skóra',1,2,7),(247,'la lengua','język (część ciała)',1,2,7),(248,'el pulmón','płuco',1,2,7),(249,'la casa','dom',1,2,8),(250,'el bloque de pisos','blok mieszkalny',1,2,8),(251,'la iglesia','kościół',1,2,8),(252,'el restaurante','restauracja',1,2,8),(253,'el museo','muzeum',1,2,8),(254,'el aeropuerto','lotnisko',1,2,8),(255,'la farmacia','apteka',1,2,8),(256,'el banco','bank, ławka',1,2,8),(257,'el teatro','teatr',1,2,8),(258,'la escuela','szkoła',1,2,8),(259,'el cine','kino',1,2,8),(260,'el hospital','szpital',1,2,8),(261,'la biblioteca','biblioteka',1,2,8),(262,'el mercado','rynek',1,2,8),(263,'el hotel','hotel',1,2,8),(264,'el supermercado','supermarket, sklep',1,2,8),(265,'la gasolinera','stacja benzynowa',1,2,8),(266,'el estadio','stadion',1,2,8),(267,'la fábrica','fabryka',1,2,8),(268,'el estación del metro','stacja metra',1,2,8),(269,'el estación de autobuses','dworzec autobusowy',1,2,8),(270,'la ciudad','miasto',1,2,8),(276,'la agencia de viajes','biuro podróży',1,2,8),(277,'la comisaría de policía','komisariat policji',1,2,8),(278,'los correos','poczta',1,2,8),(279,'la universidad','uniwersytet',1,2,8),(280,'la pastelería','cukiernia',1,2,8),(281,'la librería','księgarnia',1,2,8),(282,'la tienda','sklep',1,2,8),(283,'el colegio','szkoła średnia',1,2,8),(284,'el ayuntamiento','ratusz',1,2,8),(285,'el centro comercial','centrum handlowe',1,2,8),(286,'la frutería','warzywniak',1,2,8),(287,'la panadería','piekarnia',1,2,8),(288,'la zapatería','sklep obuwniczy',1,2,8),(289,'delgado','szczupły',1,2,9),(290,'gordo','gruby',1,2,9),(291,'bajo','niski',1,2,9),(292,'alto','wysoki',1,2,9),(293,'feo','brzydki',1,2,9),(294,'agradable','przyjemny',1,2,9),(295,'tonto','głupi',1,2,9),(296,'aburrido','nudny',1,2,9),(297,'triste','smutny',1,2,9),(298,'perezoso','leniwy',1,2,9),(299,'despistado','roztargniony',1,2,9),(300,'limpio','czysty',1,2,9),(301,'sucio','brudny',1,2,9),(302,'ordenado','uporządkowany',1,2,9),(303,'desordenado','nieuporządkowany',1,2,9),(304,'ocupado','zajęty',1,2,9),(305,'cansado','zmęczony',1,2,9),(306,'relajado','wypoczęty',1,2,9),(307,'abierto','otwarty',1,2,9),(308,'cerrado','zamknięty',1,2,9),(309,'sano','zdrowy',1,2,9),(310,'enfermo','chory',1,2,9),(311,'contento','zadowolony',1,2,9),(312,'descontento','niezadowolony',1,2,9),(313,'peligroso','niebezpieczny',1,2,9),(314,'interesante','interesujący',1,2,9),(315,'seguro','bezpieczny',1,2,9),(316,'caro','drogi',1,2,9),(317,'barato','tani',1,2,9),(318,'cómodo','wygodny',1,2,9),(319,'rapido','szybki',1,2,9),(320,'lento','wolny',1,2,9),(321,'divertido','zabawny',1,2,9),(322,'practico','praktyczny',1,2,9),(323,'alegre','wesoły',1,2,9),(324,'caliente','ciepły',1,2,9),(325,'bueno','dobry',1,2,9),(326,'corto','krótki',1,2,9),(327,'largo','długi',1,2,9),(328,'grande','duży',1,2,9),(329,'pequeño','mały',1,2,9),(330,'nuevo','nowy',1,2,9),(331,'viejo','stary',1,2,9),(332,'tranquilo','spokojny',1,2,9),(333,'amargo','gorzki',1,2,9),(334,'dulce','słodki',1,2,9),(335,'duro','twardy',1,2,9),(336,'blando','miękki',1,2,9),(337,'ancho','szeroki',1,2,9),(338,'estrecho','wąski',1,2,9),(339,'ácido','kwaśny',1,2,9),(340,'asqueroso','obrzydliwy',1,2,9),(341,'cruel','okrutny',1,2,9),(342,'difícil','trudny',1,2,9),(343,'fácil','łatwy',1,2,9),(344,'feliz','szczęśliwy',1,2,9),(345,'lunes','poniedziałek',1,2,1),(346,'martes','wtorek',1,2,1),(347,'míercoles','środa',1,2,1),(348,'jueves','czwartek',1,2,1),(349,'viernes','piątek',1,2,1),(350,'sábado','sobota',1,2,1),(351,'domingo','niedziela',1,2,1),(352,'los días de la semana','dni tygodnia',1,2,1),(353,'adecuado','odpowiedni',1,2,9),(354,'débil','słaby',1,2,9),(355,'despierto','żywy, obudzony',1,2,9),(356,'diferente','różny',1,2,9),(357,'dormido','śpiący',1,2,9),(358,'enfadado','obrażony',1,2,9),(359,'especial','wyjątkowy',1,2,9),(360,'falso','fałszywy',1,2,9),(361,'famoso','znany',1,2,9),(362,'fiel','wierny',1,2,9),(363,'suave','delikatny',1,2,9),(364,'el peluquero','fryzjer',1,3,10),(365,'el cocinero','kucharz',1,3,10),(366,'el profesor','nauczyciel',1,3,10),(367,'el director','dyrektor',1,3,10),(368,'el/la modelo','model/modelka',1,3,10),(369,'el/la piloto','pilot/pilotka',1,3,10),(370,'el/la cantante','piosenkarz/piosenkarka',1,3,10),(371,'el/la periodista','dziennikarz/dziennikarka',1,3,10),(372,'el actor','aktor',1,3,10),(373,'la actriz','aktorka',1,3,10),(374,'el rey','król',1,3,10),(375,'la reina','królowa',1,3,10),(376,'el jefe','szef',1,3,10),(377,'la jefe/jefa','szefowa',1,3,10),(378,'el dependiente','ekspedient',1,3,10),(379,'la dependiente/dependienta','ekspedientka',1,3,10),(380,'el libro','książka',1,3,11),(381,'el mapa','mapa',1,3,11),(382,'el/la estudiante','uczeń/uczennica',1,3,11),(383,'las tijeras','nożyczki',1,3,11),(384,'el ordenador','komputer',1,3,11),(385,'el cuaderno','zeszyt, notes',1,3,11),(386,'el boli, el boligrafo','długopis',1,3,11),(387,'el lápiz','ołówek',1,3,11),(388,'la clase','klasa, lekcja',1,3,11),(389,'el recreo','przerwa',1,3,11),(390,'el curso','rok szkolny',1,3,11),(391,'la tarea','zadanie',1,3,11),(392,'los deberes','praca domowa',1,3,11),(393,'la asignatura','przedmiot szkolny',1,3,11),(394,'el español','hiszpański',1,3,11),(395,'las matemáticas','matematyka',1,3,11),(396,'la historia','historia',1,3,11),(397,'la geografía','geografia',1,3,11),(398,'el inglés','angielski',1,3,11),(399,'el idioma extranjero','język obcy',1,3,11),(400,'la biología','biologia',1,3,11),(401,'la química','chemia',1,3,11),(402,'la física','fizyka',1,3,11),(403,'la informática','informatyka',1,3,11),(404,'la educación física','wychowanie fizyczne',1,3,11),(405,'el tutor','wychowawca klasy',1,3,11),(406,'activo','aktywny',1,3,9),(407,'antiguo','stary, zabytkowy',1,3,9),(408,'bonito','ładny',1,3,9),(409,'correcto','poprawny',1,3,9),(410,'flaco','chudy',1,3,9),(411,'favorito','ulubiony',1,3,9),(412,'malo','zły',1,3,9),(413,'moderno','nowoczesny',1,3,9),(414,'nervioso','nerwowy',1,3,9),(415,'privado','prywatny',1,3,9),(416,'serio','poważny',1,3,9),(417,'simpático','sympatyczny',1,3,9),(418,'amable','miły',1,3,9),(419,'artificial','sztuczny',1,3,9),(420,'emocionante','emocjonujący',1,3,9),(421,'fatal','fatalny',1,3,9),(422,'elegante','elegancki',1,3,9),(423,'fuerte','silny',1,3,9),(424,'guay','fajny',1,3,9),(425,'horrible','straszny, okropny',1,3,9),(426,'importante','ważny',1,3,9),(427,'increíble','niewiarygodny',1,3,9),(428,'inteligente','inteligentny',1,3,9),(429,'joven','młody',1,3,9),(430,'posible','możliwy',1,3,9),(431,'responsable','odpowiedzialny',1,3,9),(432,'cuadrado','kwadratowy',1,3,9),(433,'complicado','skomplikowany',1,3,9),(434,'colorido','kolorowy',1,3,9),(435,'fresco','świeży',1,3,9),(436,'fantástico','fantastyczny',1,3,9),(437,'ligero','lekki',1,3,9),(438,'libre','wolny (nie jako prędkość)',1,3,9),(439,'igual','identyczny',1,3,9),(440,'grün','zielony',2,4,2),(441,'braun','brązowy',2,4,2),(442,'die Farbe','kolor',2,4,2),(443,'weiß','biały',2,4,2),(444,'gelb','żółty',2,4,2),(445,'beige','beżowy',2,4,2),(446,'orange','pomarańczowy',2,4,2),(447,'rot','czerwony',2,4,2),(448,'rosa','różowy',2,4,2),(449,'pink','intensywnie różowy',2,4,2),(450,'violett, lila','fioletowy, liliowy',2,4,2),(451,'blau','niebieski',2,4,2),(452,'grau','szary',2,4,2),(453,'silbern','srebrny',2,4,2),(454,'golden','złoty',2,4,2),(455,'schwarz','czarny',2,4,2),(456,'hell','jasny',2,4,2),(457,'dunkel','ciemny',2,4,2),(458,'bunt','kolorowy, wielobarwny',2,4,2),(459,'farbig','barwny',2,4,2),(460,'farblos','bezbarwny',2,4,2),(461,'einfarbig','jednokolorowy',2,4,2),(462,'vielfarbig','wielokolorowy',2,4,2),(463,'die Katze','kot',2,4,3),(464,'der Hund','pies',2,4,3),(465,'das Pferd','koń',2,4,3),(466,'die Ente','kaczka',2,4,3),(467,'die Kuh','krowa',2,4,3),(468,'die Taube','gołąb',2,4,3),(469,'der Hahn','kogut',2,4,3),(470,'das Schwein','świnia',2,4,3),(471,'die Fisch','ryba',2,4,3),(472,'die Gans','gęś',2,4,3),(473,'das Huhn','kura',2,4,3),(474,'das Kaninchen','królik',2,4,3),(475,'die Ziege','koza',2,4,3),(476,'das Meerschweinchen','świnka morska',2,4,3),(477,'der Frühling','wiosna',2,4,1),(478,'der Sommer','lato',2,4,1),(479,'der Herbst','jesień',2,4,1),(480,'der Winter','zima',2,4,1),(481,'der Januar','styczeń',2,4,1),(482,'der Februar','luty',2,4,1),(483,'der März','marzec',2,4,1),(484,'der April','kwiecień',2,4,1),(485,'der Mai','maj',2,4,1),(486,'der Juni','czerwiec',2,4,1),(487,'der Juli','lipiec',2,4,1),(488,'der August','sierpień',2,4,1),(489,'der September','wrzesień',2,4,1),(490,'der Oktober','październik',2,4,1),(491,'der November','listopad',2,4,1),(492,'der Dezember','grudzień',2,4,1),(493,'der Bär','niedźwiedź',2,4,3),(494,'die Ameise','mrówka',2,4,3),(495,'die Fledermaus','nietoperz',2,4,3),(496,'die Spinne','pająk',2,4,3),(497,'der Dachs','borsuk',2,4,3),(498,'der Wolf','wilk',2,4,3),(499,'der Waschbär','szop pracz',2,4,3),(500,'der Otter','wydra',2,4,3),(501,'das Wildschwein','dzik',2,4,3),(502,'das Wiesel','łasica',2,4,3),(503,'das Eichhörnchen','wiewiórka',2,4,3),(504,'der Fuchs','lis',2,4,3),(505,'der Schmetterling','motyl',2,4,3),(506,'보라색','fioletowy',4,5,2),(507,'파란색','niebieski',4,5,2),(508,'주황색','pomarańczowy',4,5,2),(509,'노란색','żółty',4,5,2),(510,'검정색','czarny',4,5,2),(511,'회색','szary',4,5,2),(512,'빨간색','czerwony',4,5,2),(513,'하얀색','biały',4,5,2),(514,'초록색','zielony',4,5,2),(515,'갈색','brązowy',4,5,2),(516,'분홍색','różowy',4,5,2),(517,'은색','srebrny',4,5,2),(518,'밤색','ciemno-brązowy',4,5,2),(519,'금색','złoty',4,5,2),(520,'남색','ciemno-niebieski',4,5,2),(521,'하늘색','jasnoniebieski',4,5,2),(522,'어두운색','ciemny',4,5,2),(523,'밝은색','jasny',4,5,2),(524,'húmedo','wilgotny',1,3,9),(525,'hermoso','piękny',1,3,9),(526,'frío','zimny',1,3,9),(527,'mayor','starszy',1,3,9),(528,'menor','młodszy',1,3,9),(529,'pesado','ciężki',1,3,9),(530,'pobre','biedny',1,3,9),(531,'raro','dziwny',1,3,9),(532,'rico','bogaty',1,3,9),(533,'sabroso','smaczny',1,3,9),(534,'recto','prosty',1,3,9),(535,'redondo','okrągły',1,3,9),(536,'der Marienkäfer','biedronka',2,4,3),(537,'der Hase','zając',2,4,3),(538,'der Hirsch','jeleń',2,4,3),(539,'der Elch','łoś',2,4,3),(540,'das Reh','sarna',2,4,3),(541,'der Löwe','lew',2,4,3),(542,'der Affe','małpa',2,4,3),(543,'der Elefant','słoń',2,4,3),(544,'der Tiger','tygrys',2,4,3),(545,'die Antilope','antylopa',2,4,3),(546,'das Nilpferd','hipopotam',2,4,3),(547,'das Känguru','kangur',2,4,3),(548,'das Krokodil','krokodyl',2,4,3),(549,'der Giraffe','żyrafa',2,4,3),(550,'der Panther','pantera',2,4,3),(551,'der Pinguin','pingwin',2,4,3),(552,'der Puma','puma',2,4,3),(553,'das Zebra','zebra',2,4,3),(554,'das Kamel','wielbłąd',2,4,3),(555,'der Schimpanse','szympans',2,4,3),(556,'der Walfisch','wieloryb',2,4,3),(557,'der Salamander','salamandra',2,4,3),(558,'der Hai','rekin',2,4,3),(559,'das Nashorn','nosorożec',2,4,3),(560,'die Eule','sowa',2,4,3),(561,'der Kanarienvogel','kanarek',2,4,3),(562,'die Krähe','wrona',2,4,3),(563,'der Rabe','kruk',2,4,3),(564,'der Adler','orzeł',2,4,3),(565,'der Falke','sokół',2,4,3),(566,'der Sperling','wróbel',2,4,3),(567,'die Milch','mleko',2,4,4),(568,'der Tee','herbata',2,4,4),(569,'der Saft','sok',2,4,4),(570,'das Brot','chleb',2,4,4),(571,'das Schwarzbrot','chleb razowy',2,4,4),(572,'das Brötchen','bułka',2,4,4),(573,'die Semmel','bułka (regionalnie w Austrii, Bawarii)',2,4,4),(574,'die Kirsche','wiśnia',2,4,4),(575,'die Erdbeere','truskawka',2,4,4),(576,'die Himmbeere','malina',2,4,4),(577,'der Apfel','jabłko',2,4,4),(578,'die Birne','gruszka',2,4,4),(579,'die Zitrone','cytryna',2,4,4),(580,'die Süßkirsche','czereśnia',2,4,4),(581,'sacar la basura','wynieść śmieci',1,3,12),(582,'sacar al perro','wyprowadzić psa',1,3,12),(583,'sacar un billete de metro','kupić bilet na metro',1,3,12),(584,'sacar una entrada de un concierto','kupić wejściówkę na koncert',1,3,12),(585,'sacar una foto','robić zdjęcie',1,3,12),(586,'sacar buenas/malas notas','dostawać dobre/złe oceny',1,3,12),(587,'sacar a bailar a alguien','prosić kogoś do tańca',1,3,12),(588,'sacar punta a algo','narzekać na wszystko',1,3,12),(589,'der Brokkoli','brokuł',2,4,4),(590,'die rote Rübe','burak',2,4,4),(591,'die Zwiebel','cebula',2,4,4),(592,'der Kürbis','dynia',2,4,4),(593,'der Blumenkohl','kalafior',2,4,4),(594,'der Kohl/das Kraut','kapusta',2,4,4),(595,'der Mais','kukurydza',2,4,4),(596,'die Karotte/die Möhre','marchew',2,4,4),(597,'die Gurke','ogórek',2,4,4),(598,'die Kartoffel','ziemniak',2,4,4),(599,'die Speise','potrawa',2,4,4),(600,'das Getränk','napój',2,4,4),(601,'der Eiswürfel','kostka lodu',2,4,4),(602,'die Buttermilch','maślanka',2,4,4),(603,'der Pfefferminztee','herbata miętowa',2,4,4),(604,'stilles Wasser','woda niegazowana',2,4,4),(605,'das Sprudelwasser/der Sprudel','woda gazowana',2,4,4),(606,'das Bier','piwo',2,4,4),(607,'der Pilz','grzyb',2,4,4),(608,'das Hammelfleisch','baranina',2,4,4),(609,'das Kalbfleisch','cielęcina',2,4,4),(610,'das Geflügel','drób',2,4,4),(611,'der Schinken','szynka',2,4,4),(612,'das Schweinfleisch','wieprzowina',2,4,4),(613,'das Rindfleisch','wołowina',2,4,4),(614,'die Butter','masło',2,4,4),(615,'der Quark','twaróg',2,4,4),(616,'der Käse','ser żółty',2,4,4),(617,'die Sahne/der Rahm','śmietana',2,4,4),(618,'die Wassermelone','arbuz',2,4,4),(619,'der Pfirsich','brzoskwinia',2,4,4),(620,'die Johannisbeere','czarna porzeczka',2,4,4),(621,'die Blaubeere','jagoda',2,4,4),(622,'heiße Schokolade trinken','pić gorącą czekoladę',2,4,12),(623,'beber chocolate caliente','pić gorącą czekoladę',1,3,12),(624,'hablar en voz baja','mówić po cichu/szeptem',1,3,12),(625,'hablar por teléfono','rozmawiać przez telefon',1,3,12),(626,'decir la verdad','powiedzieć prawdę',1,3,12),(627,'contar un secreto','wyjawić sekret',1,3,12),(628,'a la tercera va la vencida','do trzech razy sztuka',1,3,12),(629,'patinar sobre hielo','jeździć na łyżwach',1,3,12),(630,'encender velas','zalapać świeczki',1,3,12),(631,'der Wein','wino',2,4,4),(632,'die Kokosnuss','kokos',2,4,4),(633,'die Walnuss','orzech włoski',2,4,4),(634,'die Haselnuss','orzech laskowy',2,4,4),(635,'die Mandel','migdał',2,4,4),(636,'die Stachelbeere','agrest',2,4,4),(637,'die Ananas','ananas',2,4,4),(638,'die Banane','banan',2,4,4),(639,'die Aprikose','morela',2,4,4),(640,'die Walderbeere','poziomka',2,4,4),(641,'die Pflaume','śliwka',2,4,4),(642,'die (Wein)Traube','winogrono',2,4,4),(643,'das Rührei','jajecznica',2,4,4),(644,'hacer snowboard','uprawiać snowboard',1,3,12),(645,'estar sentado','bycie ,,siedzącym\", w bezruchu',1,3,12),(646,'하나','jeden (native)',4,5,15),(647,'둘','dwa (native)',4,5,15),(648,'셋','trzy (native)',4,5,15),(649,'넷','cztery (native)',4,5,15),(650,'다섯','pięć (native)',4,5,15),(651,'여섯','sześć (native)',4,5,15),(652,'일곱','siedem (native)',4,5,15),(653,'여덟','osiem (native)',4,5,15),(654,'아홉','dziewięć (native)',4,5,15),(655,'열','dziesięć (native)',4,5,15),(656,'스물','dzwadzieścia (native)',4,5,15),(657,'서른','trzydzieści (native)',4,5,15),(658,'마흔','czeterdzieści (native)',4,5,15),(659,'쉰','pięćdziesiąt (native)',4,5,15),(660,'예순','sześćdziesiąt (native)',4,5,15),(661,'일흔','siedemdziesiąt (native)',4,5,15),(662,'여든','osiemdziesiąt (native)',4,5,15),(663,'아흔','dziewięćdziesiąt (native)',4,5,15),(664,'der Pfannkuchen','naleśnik',2,4,4),(665,'der Braten','pieczeń',2,4,4),(666,'der Hering','śledź',2,4,4),(667,'der Thunfisch','tuńczyk',2,4,4),(668,'der Lachs','łosoś',2,4,4),(669,'der Honig','miód',2,4,4),(670,'der Käsekuchen','sernik',2,4,4),(671,'der Berliner','pączek',2,4,4),(672,'der Knoblauch','czosnek',2,4,4),(673,'montar en trineo','jeździć na sankach',1,3,12),(674,'고양이','kot',4,5,3),(675,'개','pies',4,5,3),(676,'강아지','szczeniak',4,5,3),(677,'토끼','królik',4,5,3),(678,'물고기','ryba',4,5,3),(679,'새','ptak',4,5,3),(680,'나비','motyl',4,5,3),(681,'쥐','mysz',4,5,3),(682,'ins Gebirge fahren','jechać w góry',2,4,12),(683,'das Sweatshirt','bluza',2,4,5),(684,'die Bluse','bluzka',2,4,5),(685,'die Schuhe','buty',2,4,5),(686,'die Mütze','czapka',2,4,5),(687,'die Jeans','jeansy',2,4,5),(688,'der Anzug','garnitur',2,4,5),(689,'die Weste','kamizelka',2,4,5),(690,'das Hemd','koszula',2,4,5),(691,'die kurze Hose','krótkie spodenki',2,4,5),(692,'die Jacke','kurtka',2,4,5),(693,'der Mantel','płaszcz',2,4,5),(694,'der Gürtel','pasek do spodni',2,4,5),(695,'die Pumps','czółenka',2,4,5),(696,'der Trainingsanzug','dres',2,4,5),(697,'der Rollkragenpullover','golf',2,4,5),(698,'die Flipflops','japonki',2,4,5),(699,'die Gummistiefel','kalosze',2,4,5),(700,'die Hausschuhe/die Pantoffeln/die Latschen','kapcie',2,4,5),(701,'der Hut','kapelusz',2,4,5),(702,'die Badehose','kąpielówki',2,4,5),(703,'die Stiefel','kozaki',2,4,5),(704,'die Krawatte','krawat',2,4,5),(705,'die Regenjacke','kurtka przeciwdeszczowa',2,4,5),(706,'der Slip/die Unterhose','majtki',2,4,5),(707,'der Schlafanzug','piżama',2,4,5),(708,'햄스터','chomik',4,5,3),(709,'기니피그','świnka morska',4,5,3),(710,'말','koń',4,5,3),(711,'양','owca',4,5,3),(712,'소','krowa',4,5,3),(713,'염소','koza',4,5,3),(714,'돼지','świnka',4,5,3),(715,'조랑말','kucyk',4,5,3),(716,'닭','kurczak',4,5,3),(717,'게','krab',4,5,3),(718,'바닷가재','homar',4,5,3),(719,'칠면조','indyk',4,5,3),(720,'늑대','wilk',4,5,3),(721,'사슴','jeleń',4,5,3),(722,'여우','lis',4,5,3),(723,'산토끼','zając',4,5,3),(724,'다람쥐','wiewiórka',4,5,3),(725,'너구리','szop pracz',4,5,3),(726,'판다','panda',4,5,3),(727,'곰','niedźwiedź',4,5,3),(728,'오소리','borsuk',4,5,3),(729,'황소','wół',4,5,3),(730,'사자','lew',4,5,3),(731,'호랑이','tygrys',4,5,3),(732,'die Strumpfhose','rajstopy',2,4,5),(733,'das Unterhemd','podkoszulek',2,4,5),(734,'die Fleecejacke','polar',2,4,5),(735,'die Strümpfe','pończochy, podkolanówki',2,4,5),(736,'die Handschuhe','rękawiczki',2,4,5),(737,'die Sandalen','sandały',2,4,5),(738,'die Socken','skarpetki',2,4,5),(739,'die Hose','spodnie',2,4,5),(740,'die Stoffhose','spodnie materiałowe',2,4,5),(741,'die Latzhose','ogrodniczki',2,4,5),(742,'der Rock','spódnica',2,4,5),(743,'das Kleid','sukienka',2,4,5),(744,'der Pullover/der Pulli','sweter',2,4,5),(745,'complain','narzekać',3,7,16),(746,'얼룩말','zebra',4,5,3),(747,'기린','żyrafa',4,5,3),(748,'뱀','wąż',4,5,3),(749,'고릴라','goryl',4,5,3),(750,'코알라','koala',4,5,3),(751,'켕거루','kangur',4,5,3),(752,'원숭이','małpa',4,5,3),(753,'치타','gepard',4,5,3),(754,'낙타','wielbłąd',4,5,3),(755,'코끼리','słoń',4,5,3),(756,'도마뱀','jaszczurka',4,5,3),(757,'달팽이','ślimak',4,5,3),(758,'북극곰','niedźwiedź polarny',4,5,3),(759,'침팬지','szympans',4,5,3),(760,'하이에나','hiena',4,5,3),(761,'영양','antylopa',4,5,3),(762,'코뿔소','nosorożec',4,5,3),(763,'하마','hipopotam',4,5,3),(764,'오랑우탄','orangutan',4,5,3),(765,'들소','bizon',4,5,3),(766,'표범','lampart',4,5,3),(767,'개미','mrówka',4,5,3),(768,'벌','pszczoła',4,5,3),(769,'모기','komar',4,5,3),(770,'거북','żółw',4,5,3),(771,'악어','krokodyl',4,5,3),(772,'개구리','żaba',4,5,3),(773,'물개','foka',4,5,3),(774,'돌고레','delfin',4,5,3),(775,'상어','rekin',4,5,3),(776,'수달','wydra',4,5,3),(777,'문어','ośmiornica',4,5,3),(778,'앵무새','papuga',4,5,3),(779,'참새','wróbel',4,5,3),(780,'타조','struś',4,5,3),(781,'까마귀','kruk',4,5,3),(782,'der Schal','szalik',2,4,5),(783,'der Morgenrock/der Schlafrock','szlafrok',2,4,5),(784,'die Shorts','szorty',2,4,5),(785,'die Stöckelschuhe','szpilki',2,4,5),(786,'das T-shirt','T-shirt',2,4,5),(787,'die Turnschuhe','tenisówki',2,4,5),(788,'die Kleidung/die Klamotten/die Anziehsachen','ubranie',2,4,5),(789,'die Großmutter/die Oma','babcia',2,6,6),(790,'der Bruder','brat',2,6,6),(791,'die Schwester','siostra',2,6,6),(792,'der Großvater/der Opa','dziadek',2,6,6),(793,'die Tante','ciocia',2,6,6),(794,'der Onkel','wujek',2,6,6),(795,'die Tochter','córka',2,6,6),(796,'der Sohn','syn',2,6,6),(797,'das Kind','dziecko',2,6,6),(798,'die Großeltern','dziadkowie',2,6,6),(799,'der Cousin','kuzyn',2,6,6),(800,'die Cousine','kuzynka',2,6,6),(801,'die Mutter','matka',2,6,6),(802,'der Vater','ojciec',2,6,6),(803,'die Eltern','rodzice',2,6,6),(804,'die Urgroßmutter','prababcia',2,6,6),(805,'der Urgroßvater','pradziadek',2,6,6),(806,'die Familie','rodzina',2,6,6),(807,'die Geschwister','rodzeństwo',2,6,6),(808,'der Schwiegervater','teść',2,6,6),(809,'die Schwiegermutter','teściowa',2,6,6),(810,'die Ehefrau/die Frau','żona',2,6,6),(811,'der Ehemann/der Mann','mąż',2,6,6),(812,'die Enkelin/die Enkeltochter','wnuczka',2,6,6),(813,'der Enkel/der Enkelsohn','wnuk',2,6,6),(814,'der Schwager','szwagier',2,6,6),(815,'die Schwägerin','szwagierka',2,6,6),(816,'펭귄','pingwin',4,5,3),(817,'독수리','orzeł',4,5,3),(818,'오리','kaczka',4,5,3),(819,'매','jastrząb',4,5,3),(820,'백조','łabądź',4,5,3),(821,'공작','paw',4,5,3),(822,'거위','gęś',4,5,3),(823,'비둘기','gołąb',4,5,3),(824,'사과','jabłko',4,5,4),(825,'오렌지','pomarańcza',4,5,4),(826,'딸기','truskawka',4,5,4),(827,'자두','śliwka',4,5,4),(828,'maravilloso','cudowny',1,3,9),(829,'precioso','dokładny',1,3,9),(830,'perfecto','idealny',1,3,9),(831,'último','ostatni',1,3,9),(832,'curioso','ciekawy',1,3,9),(833,'silencioso','cichy',1,3,9),(834,'prudente','ostrożny',1,3,9),(835,'claro','jasny',1,3,9),(836,'바나나','banan',4,5,4),(837,'포도','winogron',4,5,4),(838,'산딸기','malina',4,5,4),(839,'귤','mandarynka',4,5,4),(840,'자몽','grejfrut',4,5,4),(841,'멜론','melon',4,5,4),(842,'수박','arbuz',4,5,4),(843,'파인애플','ananas',4,5,4),(844,'망고','mango',4,5,4),(845,'복숭아','brzoskwinia',4,5,4),(846,'el vecino','sąsiad',1,3,6),(847,'der Kopf','głowa',2,6,7),(848,'der Schädel','czaszka',2,6,7),(849,'das Gesicht','twarz',2,6,7),(850,'die Haare','włosy',2,6,7),(851,'die Stirn','czoło',2,6,7),(852,'das Ohr','ucho',2,6,7),(853,'das Auge','oko',2,6,7),(854,'die Nase','nos',2,6,7),(855,'der Mund','usta',2,6,7),(856,'die Backe/die Wange','policzek',2,6,7),(857,'das Kinn','broda',2,6,7),(858,'die Lippe','warga',2,6,7),(859,'vago','leniwy ver.2',1,3,9),(860,'체리','wiśnia',4,5,4),(861,'코코넛','kokos',4,5,4),(862,'살구','morela',4,5,4),(863,'레몬','cytryna',4,5,4),(864,'라임','limonka',4,5,4),(865,'키위','kiwi',4,5,4),(866,'배','gruszka chińska (koreańskie jabłko wtf?)',4,5,4),(867,'감','kaki',4,5,4),(868,'석류','granat',4,5,4),(869,'올리브','oliwka',4,5,4),(870,'die Zunge','język',2,6,7),(871,'die Zähne','zęby',2,6,7),(872,'der Hals','szyja',2,6,7),(873,'der Kiefer','szczęka, żuchwa',2,6,7),(874,'der Arm','ramię',2,6,7),(875,'der Ellbogen','łokieć',2,6,7),(876,'das Handgelenk','nadgarstek',2,6,7),(877,'die Hand','ręka, dłoń',2,6,7),(878,'der Finger','palec u ręki',2,6,7),(879,'der Nagel','paznokieć',2,6,7),(880,'der Daumen','kciuk',2,6,7),(881,'der Stimme','głos',2,6,7),(882,'el caracol','ślimak',1,3,3),(883,'el lobo','wilk',1,3,3),(884,'el mosquito','komar',1,3,3),(885,'el cachorro','szczeniak',1,3,3),(886,'el hámster','chomik',1,3,3),(887,'el tejón','borsuk',1,3,3),(888,'el oso lavador','szop pracz',1,3,3),(889,'el tiburón','rekin',1,3,3),(890,'la nutria','wydra',1,3,3),(891,'el pulpo','ośmiornica',1,3,3),(892,'el pavo','indyk',1,3,3),(893,'el pinguino','pingwin',1,3,3),(894,'el delfín','delfin',1,3,3),(895,'la ardilla','wiewiórka',1,3,3),(896,'cero','zero',1,3,15),(897,'uno','jeden',1,3,15),(898,'dos','dwa',1,3,15),(899,'tres','trzy',1,3,15),(900,'cuatro','cztery',1,3,15),(901,'cinco','pięć',1,3,15),(902,'seis','sześć',1,3,15),(903,'siete','siedem',1,3,15),(904,'ocho','osiem',1,3,15),(905,'nueve','dziewięć',1,3,15),(906,'diez','dziesięć',1,3,15),(907,'once','jedenaście',1,3,15),(908,'doce','dwanaście',1,3,15),(909,'trece','trzynaście',1,3,15),(910,'catorce','czternaście',1,3,15),(911,'quince','piętnaście',1,3,15),(912,'dieciséis','szesnaście',1,3,15),(913,'diecisiete','siedemnaście',1,3,15),(914,'dieciocho','osiemnaście',1,3,15),(915,'diecinueve','dziewiętnaście',1,3,15),(916,'veinte','dwadzieścia',1,3,15),(917,'파파야','papaja',4,5,4),(918,'상추','sałata',4,5,4),(919,'양배추','kapusta',4,5,4),(920,'배추','kapusta pekińska',4,5,4),(921,'오이','ogórek',4,5,4),(922,'el clima','klimat',1,3,14),(923,'el tiempo','pogoda',1,3,14),(924,'la nieve','śnieg',1,3,14),(925,'la lluvia','deszcz',1,3,14),(926,'la niebla','mgła',1,3,14),(927,'la tormenta','burza',1,3,14),(928,'la nube','chmura',1,3,14),(929,'el viento','wiatr',1,3,14),(930,'el granizo','grad',1,3,14),(931,'el hielo','lód',1,3,14),(932,'el rayo','błyskawica',1,3,14),(933,'el arco iris','tęcza',1,3,14),(934,'el charco','kałuża',1,3,14),(935,'el frío','zimno',1,3,14),(936,'el calor','gorąco',1,3,14),(937,'la temperatura','temperatura',1,3,14),(938,'el grado','stopień temperatury',1,3,14),(939,'debajo cero','poniżej zera',1,3,14),(940,'el cielo','niebo',1,3,14),(941,'la tierra','ziemia',1,3,14),(942,'el sol','słońce',1,3,14),(943,'der Tag','dzień',2,6,1),(944,'die Nacht','noc',2,6,1),(945,'der Wochentag','dzień tygodnia',2,6,1),(946,'der Morgen','poranek',2,6,1),(947,'der Vormittag','przedpołudnie',2,6,1),(948,'der Mittag','południe',2,6,1),(949,'der Nachmittag','popołudnie',2,6,1),(950,'der Abend','wieczór',2,6,1),(951,'vorgestern','przedwczoraj',2,6,1),(952,'gestern','wczoraj',2,6,1),(953,'heute','dziś',2,6,1),(954,'morgen','jutro',2,6,1),(955,'übermorgen','pojutrze',2,6,1),(956,'der Montag','poniedziałek',2,6,1),(957,'der Dienstag','wtorek',2,6,1),(958,'der Mittwoch','środa',2,6,1),(959,'der Donnerstag','czwartek',2,6,1),(960,'der Freitag','piątek',2,6,1),(961,'der Samstag','sobota',2,6,1),(962,'der Sonntag','niedziela',2,6,1),(963,'die Brust','klatka piersiowa',2,6,7),(964,'die Busen','piersi',2,6,7),(965,'der Rücken','plecy',2,6,7),(966,'der Bauch','brzuch',2,6,7),(967,'der Nabel','pępek',2,6,7),(968,'die Hüfte','biodro',2,6,7),(969,'das Bein','noga',2,6,7),(970,'der Oberschenkel','udo',2,6,7),(971,'das Knie','kolano',2,6,7),(972,'die Wade','łydka',2,6,7),(973,'der Fuß','stopa',2,6,7),(974,'die Ferse','pięta',2,6,7),(975,'der Zeh','palec u nogi',2,6,7),(976,'감자','ziemniak',4,5,4),(977,'토마토','pomidor',4,5,4),(978,'담근','marchewka',4,5,4),(979,'시금치','szpinak',4,5,4),(980,'아보카도','awokado',4,5,4),(981,'옥수수','kukurydza',4,5,4);
/*!40000 ALTER TABLE `slowka` ENABLE KEYS */;
UNLOCK TABLES;

--
-- Table structure for table `users`
--

DROP TABLE IF EXISTS `users`;
/*!40101 SET @saved_cs_client     = @@character_set_client */;
/*!40101 SET character_set_client = utf8 */;
CREATE TABLE `users` (
  `id` int(11) NOT NULL AUTO_INCREMENT,
  `login` text NOT NULL,
  `haslo` text NOT NULL,
  `rola` int(11) NOT NULL,
  PRIMARY KEY (`id`)
) ENGINE=InnoDB AUTO_INCREMENT=3 DEFAULT CHARSET=utf8mb4;
/*!40101 SET character_set_client = @saved_cs_client */;

--
-- Dumping data for table `users`
--

LOCK TABLES `users` WRITE;
/*!40000 ALTER TABLE `users` DISABLE KEYS */;
INSERT INTO `users` VALUES (1,'admin','1234',0),(2,'Martyna','dupasraka',1);
/*!40000 ALTER TABLE `users` ENABLE KEYS */;
UNLOCK TABLES;

--
-- Table structure for table `zestawy`
--

DROP TABLE IF EXISTS `zestawy`;
/*!40101 SET @saved_cs_client     = @@character_set_client */;
/*!40101 SET character_set_client = utf8 */;
CREATE TABLE `zestawy` (
  `id` int(11) NOT NULL AUTO_INCREMENT,
  `nazwa` text NOT NULL,
  `owner` int(11) NOT NULL,
  `jezyk` int(11) NOT NULL,
  PRIMARY KEY (`id`),
  KEY `jezyk` (`jezyk`),
  KEY `owner` (`owner`),
  CONSTRAINT `zestawy_ibfk_1` FOREIGN KEY (`jezyk`) REFERENCES `jezyki` (`id`),
  CONSTRAINT `zestawy_ibfk_2` FOREIGN KEY (`owner`) REFERENCES `users` (`id`)
) ENGINE=InnoDB AUTO_INCREMENT=8 DEFAULT CHARSET=utf8mb4;
/*!40101 SET character_set_client = @saved_cs_client */;

--
-- Dumping data for table `zestawy`
--

LOCK TABLES `zestawy` WRITE;
/*!40000 ALTER TABLE `zestawy` DISABLE KEYS */;
INSERT INTO `zestawy` VALUES (1,'Słówka I',1,1),(2,'Słówka II',1,1),(3,'Słówka III',1,1),(4,'Słówka I',1,2),(5,'Słówka I',1,4),(6,'Słówka II',1,2),(7,'Słówka I',1,3);
/*!40000 ALTER TABLE `zestawy` ENABLE KEYS */;
UNLOCK TABLES;
/*!40103 SET TIME_ZONE=@OLD_TIME_ZONE */;

/*!40101 SET SQL_MODE=@OLD_SQL_MODE */;
/*!40014 SET FOREIGN_KEY_CHECKS=@OLD_FOREIGN_KEY_CHECKS */;
/*!40014 SET UNIQUE_CHECKS=@OLD_UNIQUE_CHECKS */;
/*!40101 SET CHARACTER_SET_CLIENT=@OLD_CHARACTER_SET_CLIENT */;
/*!40101 SET CHARACTER_SET_RESULTS=@OLD_CHARACTER_SET_RESULTS */;
/*!40101 SET COLLATION_CONNECTION=@OLD_COLLATION_CONNECTION */;
/*!40111 SET SQL_NOTES=@OLD_SQL_NOTES */;

-- Dump completed on 2023-01-29 17:05:43
